ArtistId,Name
1,Lolly
2,Nollie Murie
3,Stephannie Willoughway
4,Plumtree
5,Alfons Balint
6,Hetty Pordal
7,Giorgia Torr
8,Herta Damant
9,Lil Dulce
10,Kearney Meni
11,Alyosha Cuvley
12,Lona Jerg
13,Jemmy Bonanno
14,Ewart Drable
15,Alyssa Halsey
16,Tallulah Gollop
17,Barstow
18,Archie Sugden
19,Alecia Downton
20,Big Conny
21,Duke Loweth
22,Bryn Crunkhurn
23,Yalden
24,Olivie Borsi
25,Elspeth Genders
26,Ricardo
27,Franciska Wankling
28,Crysta Beuscher
29,Ralf Mahedy
30,Diddi
31,Adrianna Prout
32,Albertine Willsmore
33,Fanny
34,Hannis Garry
35,Nobe Tournay
36,Lorinda Farnes
37,Jami Schollick
38,Gabbie Benmore
39,Phaedra
40,Jase Copyn
41,Marline Sancias
42,Crissie Bissell
43,Valentine Hartridge
44,Giffie Dallaghan
45,Casper Gellion
46,Meaddow
47,Lyn Farnill
48,Etan Gilligan
49,Jenda Zorzenoni
50,Dasi Tonge
51,Ivette Spridgeon
52,Fraze Rettie
53,Rhodia Kitchingman
54,Lisabeth Docharty
55,Ade Medhurst
56,Sis Carlene
57,Irena Crudginton
58,Amberly Pinck
59,Allie Looks
60,Elisha Jacop
61,Gil G
62,Mandie Tinkham
63,Veronika Lindroos
64,Barnabas Petrello
65,Liva Tittletross
66,Collie Challens
67,Tessi T
68,Elonore Harcarse
69,Doe Alasdair
70,Tomaso Dumpleton
71,Jacquenetta Bunclark
72,Edmon
73,Gena Ongin
74,Faustina Halpeine
75,Ailina Lars
76,Collin Garvill
77,Jamie Fee Orchestra
78,Casar
79,Bernadina O'Dowd
80,Emilia Gile
81,Dehlia Powlett
82,Robbert
83,Sharia Selesnick
84,Carena Habbon
85,Hammad Bertrand
86,Zed Isakovitch
87,Moshe Ilsley
88,Terencio Breeder
89,Melisande Fansy
90,Dionisio Collier
91,Crysta Kirley
92,Andriette Staley
93,Thaddeus Roc
94,Blondy Starkings
95,Constanta Rosita
96,Codie And Alsopp
97,Tressa Casebourne
98,Lucias Mallya
99,Benedicto
100,Andy Siddaley
101,Darsey Alldritt
102,Olly Connal
103,Daisy Alphonso
104,Jacquetta Haywood
105,Barn Knowlys
106,Helge Pendry
107,Chiquia Joslyn
108,Lyon Ormes
109,Jabez Sego
110,Warren Bambrick
111,Spelman
112,Lil Bartolomucci
113,Clair Lightwing
114,Nikolia Mioni
115,Gnni Coleby
116,Kip G
117,Ariadne Pavey
118,Felipa Meates
119,Hilario Simoneau
120,Estel Siddons
121,Rock Duckerin
122,Talbot Godar
123,Kalinda Cordero
124,Dante McMillan
125,Ianthe Karlsson
126,Dur Jaffra
127,Asia Mechell
128,Nikita Beedham
129,Vivi Zupone
130,Christean Morby
131,Shellie Carberry
132,Camel Mariet
133,Austin Triner
134,Swannie
135,Nicoline Adam
136,Karla Camsey
137,Modestine Domenichelli
138,Melisse Manske
139,Gusti Girl
140,Cassi Garrett
141,Enos Jacqueme
142,Kellie Grinikhinov
143,Viki McMyler
144,Kristyn Klausen
145,Lynelle Edgerley
146,Laural Nestle
147,Garold Nolleth
148,Cosme Ellerker
149,Rickie Raecroft
150,Crookshank
151,Neale Caze
152,OKEY
153,Walliw Hane
154,Emily Quinion
155,Umeko Trotton
156,Nathanael Healey
157,Skelly Balsdone
158,Constancy
159,Marleah Semble
160,Baudoin Dering
161,Irwin Davids
162,Jane Bullivent
163,Dore
164,Skeleton
165,Zak Raikes
166,Sara Mobley
167,Arri Fensome
168,Janina And Kingh
169,Danita Cobbled
170,Larisa
171,Jillian Lefort
172,Charlotta Littlecote
173,Oates Crame
174,Auguste Flement
175,Brianne Geddis
176,Irwin Shipperbottom
177,Abbie Matijasevic
178,Clouston Allstars
179,Merna Langhorne
180,Chrissie Metts
181,Care McClifferty
182,Sheelah Hempshall
183,Vonni Boothebie
184,Wren Fulk
185,Binnie Maton
186,Trudy Facchini
187,Tobit Doneld
188,Paquito Pochin
189,Howell Gang
190,Henri McIndrew
191,Miner D'Adamo
192,Hammad Joysey
193,Culver
194,Gino Bakhrushkin
195,Cariotta Rowthorne
196,Jonas McKniely
197,Richardo Pergens
198,Lulu Filyushkin
199,Guss Latham
200,Kaitlin
201,Gretta Berrane
202,Samara Lemmers
203,Sisely Fullick
204,Janna McPartling
205,Nevins Sirette
206,Page Brugemann
207,Verene Ollerearnshaw
208,Mariam Moggie
209,Vito Batstone
210,Chloris Batecok
211,Imelda Hammelberg
212,Ariana Belchamber
213,Mattie Poynter
214,Almeda Langstrath
215,Blaire Leas
216,Goddart Persehouse
217,Eolanda Portingale
218,Craig Duffit
219,Kelsey Hovenden
220,Mary Mucci
221,Noodles
222,Renate Sukbhans
223,Tommy Bisp
224,Winne Northway
225,Demetri Tocknell
226,Sigrid M
227,Theressa Monk
228,Jonathon Clarkson
229,Dian Sauter
230,FETTY
231,Frans Ashton
232,Devon Ivory
233,Farly Buxcy
234,Rheba De Vile
235,Fowler Traviss
236,Simonne
237,Melisent Waleran
238,Jenny Pendrill
239,Zack Ormston
240,Morena Merchant
241,Carlyle
242,Benoite Okey
243,Lenette Nial
244,Dylan Troupe
245,Clovis Rattray
246,Suzann Pagett
247,Romona Megarrell
248,Dulcea Albasini
249,Skeaty
250,Willa Chainey
251,Dane Aleksankov
252,Skippie Ratledge
253,Rebbecca Coonihan
254,Fabiano Veljes
255,Ginnie Streatley
256,Goldia Folan
257,Nelie Budgett
258,Wini Gerrets
259,Shanna Laybourn
260,Ofella Rylance
261,Silvana Oke
262,Big Desouza
263,Franciska Dealtry
264,Natasha Sitlinton
265,Minna Keyser
266,Daloris Toland
267,Liz Ffrench
268,Cacilia Shortland
269,Goodwyn Gang
270,Emmy S
271,Amelie Collen
272,Fairfax Howley
273,Rosaline Elcoate
274,Yorgo
275,Chantalle Bridal
